Player,Pos,Age,Tm,G,GS,MP,FG,FGA,FG%,3P,3PA,3P%,2P,2PA,2P%,eFG%,FT,FTA,FT%,ORB,DRB,TRB,AST,STL,BLK,TOV,PF,PTS,Rk,W,L
Zaid Abdul-Aziz,C,30,BUF,22,0,195,25,74,.338,0,0,0,25,74,.338,.338,33,43,.767,41,49,90,7,3,9,0,21,83,21.0,30.0,52.0
Kareem Abdul-Jabbar*,C,29,LAL,82,82,3016,888,1533,.579,0,0,0,888,1533,.579,.579,376,536,.701,266,824,1090,319,101,261,0,262,2152,5.0,53.0,29.0
Tom Abernethy,SF,22,LAL,70,0,1378,169,349,.484,0,0,0,169,349,.484,.484,101,134,.754,113,178,291,98,49,10,0,118,439,5.0,53.0,29.0
Alvan Adams,C,22,PHO,72,0,2278,522,1102,.474,0,0,0,522,1102,.474,.474,252,334,.754,180,472,652,322,95,87,0,260,1296,11.0,34.0,48.0
Don Adams,SF,29,BUF,77,0,1710,216,526,.411,0,0,0,216,526,.411,.411,129,173,.746,130,241,371,150,74,16,0,201,561,21.0,30.0,52.0
Lucius Allen,PG,29,LAL,78,0,2482,472,1035,.456,0,0,0,472,1035,.456,.456,195,252,.774,58,193,251,405,116,19,0,183,1139,5.0,53.0,29.0
Jerome Anderson,SG,23,IND,27,0,164,26,59,.441,0,0,0,26,59,.441,.441,14,20,.700,9,3,12,10,6,2,0,26,66,16.0,36.0,46.0
Jim Ard,C,28,BOS,63,0,969,96,254,.378,0,0,0,96,254,.378,.378,49,76,.645,77,219,296,53,18,28,0,128,241,17.0,44.0,38.0
Bird Averitt,SG,24,BUF,75,0,1136,234,619,.378,0,0,0,234,619,.378,.378,121,169,.716,20,58,78,134,30,5,0,127,589,21.0,30.0,52.0
Dennis Awtrey,C,28,PHO,72,0,1760,160,373,.429,0,0,0,160,373,.429,.429,91,126,.722,111,245,356,182,23,31,0,170,411,11.0,34.0,48.0
Mike Bantom,PF-SF,25,TOT,77,0,1909,361,755,.478,0,0,0,361,755,.478,.478,224,310,.723,184,287,471,102,63,49,0,233,946,8.048780487804878,21.463414634146343,22.53658536585366
Tom Barker,C,21,ATL,59,0,1354,182,436,.417,0,0,0,182,436,.417,.417,112,164,.683,111,290,401,60,33,41,0,223,476,20.0,31.0,51.0
Marvin Barnes,PF,24,DET,53,0,989,202,452,.447,0,0,0,202,452,.447,.447,106,156,.679,69,184,253,45,38,33,0,139,510,14.0,44.0,38.0
Jim Barnett,SG,32,PHI,16,0,231,28,64,.438,0,0,0,28,64,.438,.438,10,18,.556,7,7,14,23,4,0,0,28,66,3.0,50.0,32.0
Norton Barnhill,SG,23,SEA,4,0,10,2,6,.333,0,0,0,2,6,.333,.333,0,0,0,2,1,3,1,0,0,0,5,4,15.0,40.0,42.0
Mike Barr,SG,26,KCK,73,0,1224,122,279,.437,0,0,0,122,279,.437,.437,41,57,.719,33,97,130,175,52,18,0,96,285,9.0,40.0,42.0
Rick Barry*,SF,32,GSW,79,0,2904,682,1551,.440,0,0,0,682,1551,.440,.440,359,392,.916,73,349,422,475,172,58,0,194,1723,4.0,46.0,36.0
Butch Beard,PG,29,NYK,70,10,1082,148,293,.505,0,0,0,148,293,.505,.505,75,109,.688,50,113,163,144,57,5,0,137,371,13.0,40.0,42.0
Byron Beck,PF,32,DEN,53,0,480,107,246,.435,0,0,0,107,246,.435,.435,36,44,.818,45,51,96,33,15,1,0,59,250,2.0,50.0,32.0
Mel Bennett,PF,22,IND,67,0,911,101,294,.344,0,0,0,101,294,.344,.344,112,187,.599,110,127,237,70,37,33,0,155,314,16.0,36.0,46.0
Henry Bibby,PG,27,PHI,81,80,2639,302,702,.430,0,0,0,302,702,.430,.430,221,282,.784,86,187,273,356,108,5,0,200,825,3.0,50.0,32.0
Bob Bigelow,SF,23,KCK,29,0,162,35,70,.500,0,0,0,35,70,.500,.500,15,17,.882,8,19,27,8,3,1,0,17,85,9.0,40.0,42.0
Dave Bing*,SG,33,WSB,64,0,1516,271,597,.454,0,0,0,271,597,.454,.454,136,176,.773,54,89,143,275,61,5,0,150,678,8.0,48.0,34.0
Tom Boerwinkle,C,31,CHI,82,0,1070,134,273,.491,0,0,0,134,273,.491,.491,34,63,.540,101,211,312,189,19,19,0,147,302,10.0,44.0,38.0
Ron Boone,SG,30,KCK,82,82,3021,747,1577,.474,0,0,0,747,1577,.474,.474,324,384,.844,128,193,321,338,119,19,0,258,1818,9.0,40.0,42.0
Tom Boswell,PF,23,BOS,70,0,1083,175,340,.515,0,0,0,175,340,.515,.515,96,135,.711,111,195,306,85,27,8,0,237,446,17.0,44.0,38.0
Bill Bradley*,SF,33,NYK,67,5,1027,127,274,.464,0,0,0,127,274,.464,.464,34,42,.810,27,76,103,128,25,8,0,122,288,13.0,40.0,42.0
Jim Brewer,PF,25,CLE,81,0,2672,296,657,.451,0,0,0,296,657,.451,.451,97,178,.545,275,487,762,195,94,82,0,214,689,7.0,43.0,39.0
Junior Bridgeman,SF,23,MIL,82,0,2410,491,1094,.449,0,0,0,491,1094,.449,.449,197,228,.864,129,287,416,205,82,26,0,221,1179,19.0,30.0,52.0
Allan Bristow,SF,25,SAS,82,0,2017,365,747,.489,0,0,0,365,747,.489,.489,206,258,.798,119,229,348,240,89,2,0,195,936,12.0,44.0,38.0
Gary Brokaw,SG,23,TOT,80,0,1487,242,564,.429,0,0,0,242,564,.429,.429,163,219,.744,22,101,123,228,36,36,0,164,647,12.829268292682926,35.451219512195124,44.548780487804876
Fred Brown,SG,28,SEA,72,0,2098,534,1114,.479,0,0,0,534,1114,.479,.479,168,190,.884,68,164,232,176,124,19,0,140,1236,15.0,40.0,42.0
John Brown,SF,25,ATL,77,0,1405,160,350,.457,0,0,0,160,350,.457,.457,121,150,.807,75,161,236,103,46,7,0,217,441,20.0,31.0,51.0
Roger Brown,C,26,DET,43,0,322,21,56,.375,0,0,0,21,56,.375,.375,18,26,.692,31,59,90,12,15,18,0,68,60,14.0,44.0,38.0
Joe Bryant,PF,22,PHI,61,0,612,107,240,.446,0,0,0,107,240,.446,.446,53,70,.757,45,72,117,48,36,13,0,84,267,3.0,50.0,32.0
Quinn Buckner,PG,22,MIL,79,0,2095,299,689,.434,0,0,0,299,689,.434,.434,83,154,.539,91,173,264,372,192,21,0,291,681,19.0,30.0,52.0
Ticky Burden,SG,23,NYK,61,2,608,148,352,.420,0,0,0,148,352,.420,.420,51,85,.600,26,40,66,62,47,1,0,88,347,13.0,40.0,42.0
Tom Burleson,C,24,SEA,82,82,1803,288,652,.442,0,0,0,288,652,.442,.442,220,301,.731,184,367,551,93,74,117,0,259,796,15.0,40.0,42.0
Don Buse,PG,26,IND,81,0,2947,266,639,.416,0,0,0,266,639,.416,.416,114,145,.786,66,204,270,685,281,16,0,129,646,16.0,36.0,46.0
Corky Calhoun,SF,26,POR,70,0,743,85,183,.464,0,0,0,85,183,.464,.464,66,85,.776,40,104,144,35,24,8,0,123,236,1.0,49.0,33.0
Mack Calvin,PG,29,TOT,76,0,1438,220,544,.404,0,0,0,220,544,.404,.404,287,338,.849,36,60,96,240,61,3,0,127,727,6.560975609756097,44.21951219512195,31.780487804878046
Austin Carr,SG,28,CLE,82,0,2409,558,1221,.457,0,0,0,558,1221,.457,.457,213,268,.795,120,120,240,220,57,10,0,221,1329,7.0,43.0,39.0
M.L. Carr,SF,26,DET,82,0,2643,443,931,.476,0,0,0,443,931,.476,.476,205,279,.735,211,420,631,181,165,58,0,287,1091,14.0,44.0,38.0
Fred Carter,SG,31,TOT,61,0,1112,209,500,.418,0,0,0,209,500,.418,.418,68,96,.708,55,62,117,125,39,9,0,125,486,11.402439024390242,25.731707317073173,35.26829268292683
Cornelius Cash,PF,24,DET,6,0,49,9,23,.391,0,0,0,9,23,.391,.391,3,6,.500,8,8,16,1,2,1,0,8,21,14.0,44.0,38.0
Harvey Catchings,C,25,PHI,53,25,864,62,123,.504,0,0,0,62,123,.504,.504,33,47,.702,64,170,234,30,23,78,0,130,157,3.0,50.0,32.0
Don Chaney,SG,30,LAL,81,0,2408,213,522,.408,0,0,0,213,522,.408,.408,70,94,.745,120,210,330,308,140,33,0,224,496,5.0,53.0,29.0
Ken Charles,SG,25,ATL,82,0,2487,354,855,.414,0,0,0,354,855,.414,.414,205,256,.801,41,127,168,295,141,45,0,240,913,20.0,31.0,51.0
Phil Chenier,SG,26,WSB,78,0,2842,654,1472,.444,0,0,0,654,1472,.444,.444,270,321,.841,56,243,299,294,120,39,0,166,1578,8.0,48.0,34.0
Jim Chones,C,27,CLE,82,0,2378,450,972,.463,0,0,0,450,972,.463,.463,155,212,.731,208,480,688,104,32,77,0,258,1055,7.0,43.0,39.0
Jim Cleamons,PG,27,CLE,60,0,2045,257,592,.434,0,0,0,257,592,.434,.434,112,148,.757,99,174,273,308,66,23,0,126,626,7.0,43.0,39.0
Doug Collins*,SG,25,PHI,58,47,2037,426,823,.518,0,0,0,426,823,.518,.518,210,250,.840,64,131,195,271,70,15,0,174,1062,3.0,50.0,32.0
Norm Cook,SF,21,BOS,25,0,138,27,72,.375,0,0,0,27,72,.375,.375,9,17,.529,10,17,27,5,10,3,0,27,63,17.0,44.0,38.0
Dave Cowens*,C,28,BOS,50,0,1888,328,756,.434,0,0,0,328,756,.434,.434,162,198,.818,147,550,697,248,46,49,0,181,818,17.0,44.0,38.0
Mike D'Antoni,SG,25,SAS,2,0,9,1,3,.333,0,0,0,1,3,.333,.333,1,2,.500,0,2,2,2,0,0,0,3,3,12.0,44.0,38.0
Louie Dampier*,PG,32,SAS,80,0,1634,233,507,.460,0,0,0,233,507,.460,.460,64,86,.744,22,54,76,234,49,15,0,93,530,12.0,44.0,38.0
Bob Dandridge*,SF,29,MIL,70,0,2501,585,1253,.467,0,0,0,585,1253,.467,.467,283,367,.771,146,294,440,268,95,28,0,222,1453,19.0,30.0,52.0
Adrian Dantley*,SF,21,BUF,77,0,2816,544,1046,.520,0,0,0,544,1046,.520,.520,476,582,.818,251,336,587,144,91,15,0,215,1564,21.0,30.0,52.0
Dwight Davis,PF,27,GSW,33,0,552,55,124,.444,0,0,0,55,124,.444,.444,49,72,.681,34,61,95,29,11,8,0,93,159,4.0,46.0,36.0
Johnny Davis,SG,21,POR,79,0,1451,234,531,.441,0,0,0,234,531,.441,.441,166,209,.794,62,64,126,148,41,11,0,128,634,1.0,49.0,33.0
Mel Davis,PF,26,TOT,56,0,1094,168,464,.362,0,0,0,168,464,.362,.362,64,91,.703,98,195,293,71,31,5,0,130,400,3.487804878048781,10.731707317073171,11.26829268292683
Mickey Davis,SF,26,MIL,19,0,165,29,68,.426,0,0,0,29,68,.426,.426,23,25,.920,11,18,29,20,6,4,0,11,81,19.0,30.0,52.0
Ron Davis,SF,22,ATL,7,0,67,8,35,.229,0,0,0,8,35,.229,.229,4,13,.308,2,5,7,2,7,0,0,9,20,20.0,31.0,51.0
Darryl Dawkins,C,20,PHI,59,0,684,135,215,.628,0,0,0,135,215,.628,.628,40,79,.506,59,171,230,24,12,49,0,129,310,3.0,50.0,32.0
Randy Denton,C,27,ATL,45,0,700,103,256,.402,0,0,0,103,256,.402,.402,33,47,.702,81,137,218,33,14,16,0,100,239,20.0,31.0,51.0
Henry Dickerson,PG,25,ATL,6,0,63,6,12,.500,0,0,0,6,12,.500,.500,5,8,.625,0,2,2,11,1,0,0,13,17,20.0,31.0,51.0
Derrek Dickey,PF,25,GSW,49,0,856,158,345,.458,0,0,0,158,345,.458,.458,45,61,.738,100,140,240,63,20,11,0,101,361,4.0,46.0,36.0
Coby Dietrick,C,28,SAS,82,0,1772,285,620,.460,0,0,0,285,620,.460,.460,119,166,.717,111,261,372,148,88,57,0,267,689,12.0,44.0,38.0
Ernie DiGregorio,PG,26,BUF,81,0,2267,365,875,.417,0,0,0,365,875,.417,.417,138,146,.945,52,132,184,378,57,3,0,150,868,21.0,30.0,52.0
Leon Douglas,C,22,DET,82,0,1626,245,512,.479,0,0,0,245,512,.479,.479,127,229,.555,181,345,526,68,44,81,0,294,617,14.0,44.0,38.0
John Drew,SF,22,ATL,74,0,2688,689,1416,.487,0,0,0,689,1416,.487,.487,412,577,.714,280,395,675,133,102,29,0,275,1790,20.0,31.0,51.0
Charles Dudley,PG,26,GSW,79,0,1682,220,421,.523,0,0,0,220,421,.523,.523,129,203,.635,119,177,296,347,67,6,0,169,569,4.0,46.0,36.0
Mike Dunleavy,PG,22,PHI,32,0,359,60,145,.414,0,0,0,60,145,.414,.414,34,45,.756,10,24,34,56,13,2,0,64,154,3.0,50.0,32.0
Jim Eakins,C,30,KCK,82,0,1338,151,336,.449,0,0,0,151,336,.449,.449,188,222,.847,112,249,361,119,29,49,0,195,490,9.0,40.0,42.0
Al Eberhard,SF,24,DET,68,0,1219,181,380,.476,0,0,0,181,380,.476,.476,109,138,.790,76,145,221,50,45,15,0,197,471,14.0,44.0,38.0
Len Elmore,C,24,IND,6,0,46,7,17,.412,0,0,0,7,17,.412,.412,4,5,.800,7,8,15,2,0,4,0,11,18,16.0,36.0,46.0
Darrell Elston,SG,24,IND,5,0,40,2,14,.143,0,0,0,2,14,.143,.143,1,2,.500,1,5,6,2,1,0,0,6,5,16.0,36.0,46.0
Alex English*,SF,23,MIL,60,0,648,132,277,.477,0,0,0,132,277,.477,.477,46,60,.767,68,100,168,25,17,18,0,78,310,19.0,30.0,52.0
Keith Erickson,SF,32,PHO,50,0,949,142,294,.483,0,0,0,142,294,.483,.483,37,50,.740,36,108,144,104,30,7,0,122,321,11.0,34.0,48.0
Julius Erving*,SF,26,PHI,82,77,2940,685,1373,.499,0,0,0,685,1373,.499,.499,400,515,.777,192,503,695,306,159,113,0,251,1770,3.0,50.0,32.0
Butch Feher,SG,22,PHO,48,0,487,86,162,.531,0,0,0,86,162,.531,.531,76,99,.768,18,56,74,36,11,7,0,46,248,11.0,34.0,48.0
Eric Fernsten,C,23,CHI,5,0,61,3,15,.200,0,0,0,3,15,.200,.200,8,11,.727,9,7,16,6,1,3,0,9,14,10.0,44.0,38.0
Mike Flynn,SG,23,IND,73,0,1324,250,573,.436,0,0,0,250,573,.436,.436,101,142,.711,76,111,187,179,57,6,0,106,601,16.0,36.0,46.0
Chris Ford,SG,28,DET,82,82,2539,437,918,.476,0,0,0,437,918,.476,.476,131,170,.771,96,174,270,337,179,26,0,192,1005,14.0,44.0,38.0
Don Ford,PF,24,LAL,82,82,1782,262,570,.460,0,0,0,262,570,.460,.460,73,102,.716,105,248,353,133,60,21,0,170,597,5.0,53.0,29.0
Fred Foster,SF,30,BUF,59,0,689,99,247,.401,0,0,0,99,247,.401,.401,30,44,.682,33,43,76,48,16,0,0,92,228,21.0,30.0,52.0
Walt Frazier*,PG,31,NYK,76,67,2687,532,1089,.489,0,0,0,532,1089,.489,.489,259,336,.771,52,241,293,403,132,9,0,194,1323,13.0,40.0,42.0
World B. Free,SG,23,PHI,78,37,2253,467,1022,.457,0,0,0,467,1022,.457,.457,334,464,.720,97,140,237,266,75,25,0,207,1268,3.0,50.0,32.0
Terry Furlow,SG,22,PHI,32,0,174,34,100,.340,0,0,0,34,100,.340,.340,16,18,.889,18,21,39,19,7,2,0,11,84,3.0,50.0,32.0
Mike Gale,SG,26,SAS,82,0,2598,353,754,.468,0,0,0,353,754,.468,.468,137,167,.820,54,219,273,473,191,50,0,224,843,12.0,44.0,38.0
Rowland Garrett,SF,26,TOT,62,0,598,106,239,.444,0,0,0,106,239,.444,.444,41,51,.804,37,75,112,27,21,10,0,80,253,10.121951219512194,27.28048780487805,34.71951219512195
Gus Gerard,SF,23,TOT,65,0,1048,201,454,.443,0,0,0,201,454,.443,.443,78,117,.667,89,128,217,92,44,62,0,164,480,11.085365853658537,29.634146341463413,35.36585365853659
George Gervin*,SF,24,SAS,82,82,2705,726,1335,.544,0,0,0,726,1335,.544,.544,443,532,.833,134,320,454,238,105,104,0,286,1895,12.0,44.0,38.0
John Gianelli,C,26,TOT,76,0,1913,257,579,.444,0,0,0,257,579,.444,.444,90,125,.720,154,321,475,83,35,98,0,171,604,17.609756097560975,30.121951219512194,45.8780487804878
Herm Gilliam,SG,30,POR,80,0,1665,326,744,.438,0,0,0,326,744,.438,.438,92,120,.767,64,137,201,170,76,6,0,168,744,1.0,49.0,33.0
Artis Gilmore*,C,27,CHI,82,82,2877,570,1091,.522,0,0,0,570,1091,.522,.522,387,586,.660,313,757,1070,199,44,203,0,266,1527,10.0,44.0,38.0
Leonard Gray,PF,25,TOT,83,0,1639,258,592,.436,0,0,0,258,592,.436,.436,118,158,.747,84,209,293,124,58,31,0,273,634,10.23170731707317,46.146341463414636,36.853658536585364
Mike Green,C,25,SEA,76,0,1928,290,658,.441,0,0,0,290,658,.441,.441,166,235,.706,191,312,503,120,45,129,0,201,746,15.0,40.0,42.0
Steve Green,SF,23,IND,70,0,918,183,424,.432,0,0,0,183,424,.432,.432,84,113,.743,79,98,177,46,46,12,0,157,450,16.0,36.0,46.0
Kevin Grevey,SF,23,WSB,76,0,1306,224,530,.423,0,0,0,224,530,.423,.423,79,119,.664,73,105,178,68,29,9,0,148,527,8.0,48.0,34.0
Bob Gross,SF,23,POR,82,0,2232,376,711,.529,0,0,0,376,711,.529,.529,183,215,.851,173,221,394,242,107,57,0,255,935,1.0,49.0,33.0
Rudy Hackett,PF,23,TOT,6,0,46,3,10,.300,0,0,0,3,10,.300,.300,8,14,.571,4,9,13,3,0,1,0,8,14,0.975609756097561,2.1951219512195124,2.8048780487804876
Glenn Hansen,SG,24,KCK,41,0,289,67,155,.432,0,0,0,67,155,.432,.432,23,32,.719,28,31,59,25,13,3,0,44,157,9.0,40.0,42.0
John Havlicek*,SF,36,BOS,79,0,2913,580,1283,.452,0,0,0,580,1283,.452,.452,235,288,.816,109,273,382,400,84,18,0,208,1395,17.0,44.0,38.0
Steve Hawes,PF,26,ATL,44,0,945,147,305,.482,0,0,0,147,305,.482,.482,67,88,.761,78,183,261,63,36,24,0,141,361,20.0,31.0,51.0
Elvin Hayes*,PF,31,WSB,82,0,3364,760,1516,.501,0,0,0,760,1516,.501,.501,422,614,.687,289,740,1029,158,87,220,0,312,1942,8.0,48.0,34.0
Spencer Haywood*,PF,27,NYK,31,26,1021,202,449,.450,0,0,0,202,449,.450,.450,109,131,.832,77,203,280,50,14,29,0,72,513,13.0,40.0,42.0
Gar Heard,PF,28,PHO,46,0,1363,173,457,.379,0,0,0,173,457,.379,.379,100,138,.725,120,320,440,89,55,55,0,139,446,11.0,34.0,48.0
Tom Henderson,PG,25,TOT,87,0,2791,371,826,.449,0,0,0,371,826,.449,.449,233,313,.744,43,196,239,598,138,17,0,148,975,15.219512195121952,41.390243902439025,45.609756097560975
Phil Hicks,SF,24,TOT,37,0,262,41,89,.461,0,0,0,41,89,.461,.461,11,13,.846,26,40,66,24,8,0,0,37,93,4.414634146341464,19.975609756097562,17.024390243902438
Armond Hill,PG,23,ATL,81,0,1825,175,439,.399,0,0,0,175,439,.399,.399,139,174,.799,39,104,143,403,85,6,0,245,489,20.0,31.0,51.0
Darnell Hillman,C,27,IND,82,0,2302,359,811,.443,0,0,0,359,811,.443,.443,161,244,.660,228,465,693,166,95,106,0,353,879,16.0,36.0,46.0
Wilbur Holland,SG,25,CHI,79,70,2453,509,1120,.454,0,0,0,509,1120,.454,.454,158,192,.823,78,175,253,253,169,16,0,201,1176,10.0,44.0,38.0
Lionel Hollins,PG,23,POR,76,0,2224,452,1046,.432,0,0,0,452,1046,.432,.432,215,287,.749,52,158,210,313,166,38,0,265,1119,1.0,49.0,33.0
Mo Howard,SG,22,TOT,32,0,345,64,132,.485,0,0,0,64,132,.485,.485,24,35,.686,17,22,39,42,17,8,0,51,152,0.7682926829268293,4.719512195121951,4.280487804878049
Lou Hudson*,SG,32,ATL,58,0,1745,413,905,.456,0,0,0,413,905,.456,.456,142,169,.840,48,81,129,155,67,19,0,160,968,20.0,31.0,51.0
Dan Issel*,C,28,DEN,79,0,2507,660,1282,.515,0,0,0,660,1282,.515,.515,445,558,.797,211,485,696,177,91,29,0,246,1765,2.0,50.0,32.0
Phil Jackson*,PF,31,NYK,76,2,1033,102,232,.440,0,0,0,102,232,.440,.440,51,71,.718,75,154,229,85,33,18,0,184,255,13.0,40.0,42.0
Charles Johnson,PG,27,GSW,79,0,1196,255,583,.437,0,0,0,255,583,.437,.437,49,69,.710,50,91,141,91,77,7,0,134,559,4.0,46.0,36.0
Dennis Johnson*,SG,22,SEA,81,0,1667,285,566,.504,0,0,0,285,566,.504,.504,179,287,.624,161,141,302,123,123,57,0,221,749,15.0,40.0,42.0
George Johnson,C,28,TOT,78,0,1652,198,429,.462,0,0,0,198,429,.462,.462,71,98,.724,204,407,611,104,37,177,0,246,467,11.890243902439025,36.14634146341463,41.853658536585364
John Johnson,SF,29,HOU,79,0,1738,319,696,.458,0,0,0,319,696,.458,.458,94,132,.712,75,191,266,163,47,24,0,199,732,6.0,49.0,33.0
Mickey Johnson,PF,24,CHI,81,81,2847,538,1205,.446,0,0,0,538,1205,.446,.446,324,407,.796,297,531,828,195,103,64,0,315,1400,10.0,44.0,38.0
Ollie Johnson,SF,27,KCK,81,0,1386,218,446,.489,0,0,0,218,446,.489,.489,101,115,.878,68,144,212,105,43,21,0,169,537,9.0,40.0,42.0
Bobby Jones*,PF,25,DEN,82,82,2419,501,879,.570,0,0,0,501,879,.570,.570,236,329,.717,174,504,678,264,186,162,0,238,1238,2.0,50.0,32.0
Caldwell Jones,C,26,PHI,82,57,2023,215,424,.507,0,0,0,215,424,.507,.507,64,116,.552,190,476,666,92,43,200,0,301,494,3.0,50.0,32.0
Dwight Jones,PF,24,HOU,74,0,1239,167,338,.494,0,0,0,167,338,.494,.494,101,126,.802,98,186,284,48,38,19,0,175,435,6.0,49.0,33.0
Jimmy Jones,PG,32,WSB,3,0,33,2,9,.222,0,0,0,2,9,.222,.222,2,4,.500,1,3,4,1,2,0,0,4,6,8.0,48.0,34.0
Robin Jones,C,22,POR,63,0,1065,139,299,.465,0,0,0,139,299,.465,.465,66,109,.606,103,193,296,80,37,38,0,124,344,1.0,49.0,33.0
Wil Jones,PF,29,IND,80,0,2709,438,1019,.430,0,0,0,438,1019,.430,.430,166,223,.744,218,386,604,189,102,80,0,305,1042,16.0,36.0,46.0
George Karl*,PG,25,SAS,29,0,251,25,73,.342,0,0,0,25,73,.342,.342,29,42,.690,4,13,17,46,10,0,0,36,79,12.0,44.0,38.0
Goo Kennedy,SF,27,HOU,32,0,277,31,58,.534,0,0,0,31,58,.534,.534,3,8,.375,14,37,51,6,7,5,0,45,65,6.0,49.0,33.0
Larry Kenon,PF,24,SAS,78,0,2936,706,1435,.492,0,0,0,706,1435,.492,.492,293,356,.823,282,597,879,229,167,60,0,190,1705,12.0,44.0,38.0
Billy Knight,SF,24,IND,78,0,3117,831,1687,.493,0,0,0,831,1687,.493,.493,413,506,.816,223,359,582,260,117,19,0,197,2075,16.0,36.0,46.0
Tom Kropp,SG,23,CHI,53,7,480,73,152,.480,0,0,0,73,152,.480,.480,28,41,.683,21,26,47,39,18,1,0,77,174,10.0,44.0,38.0
Steve Kuberski,SF,29,BOS,76,0,860,131,312,.420,0,0,0,131,312,.420,.420,63,83,.759,76,133,209,39,7,5,0,89,325,17.0,44.0,38.0
Kevin Kunnert,C,25,HOU,81,0,2050,333,685,.486,0,0,0,333,685,.486,.486,93,126,.738,210,459,669,154,35,105,0,361,759,6.0,49.0,33.0
Mitch Kupchak,C,22,WSB,82,0,1513,341,596,.572,0,0,0,341,596,.572,.572,170,246,.691,183,311,494,62,22,34,0,204,852,8.0,48.0,34.0
C.J. Kupec,SF,24,LAL,82,0,908,153,342,.447,0,0,0,153,342,.447,.447,78,101,.772,76,123,199,53,18,4,0,113,384,5.0,53.0,29.0
Sam Lacey,C,28,KCK,82,0,2595,327,774,.422,0,0,0,327,774,.422,.422,215,282,.762,189,545,734,386,119,133,0,292,869,9.0,40.0,42.0
Bo Lamar,PG,25,LAL,71,0,1165,228,561,.406,0,0,0,228,561,.406,.406,46,68,.676,30,62,92,177,59,3,0,73,502,5.0,53.0,29.0
John Lambert,PF,24,CLE,63,0,555,67,157,.427,0,0,0,67,157,.427,.427,25,36,.694,62,92,154,31,16,18,0,75,159,7.0,43.0,39.0
Bob Lanier*,C,28,DET,64,0,2446,678,1269,.534,0,0,0,678,1269,.534,.534,260,318,.818,200,545,745,214,70,126,0,174,1616,14.0,44.0,38.0
John Laskowski,SG,23,CHI,47,5,562,75,212,.354,0,0,0,75,212,.354,.354,27,30,.900,16,47,63,44,32,2,0,22,177,10.0,44.0,38.0
Mo Layton,SG,28,NYK,56,11,765,134,277,.484,0,0,0,134,277,.484,.484,58,73,.795,11,36,47,154,21,6,0,87,326,13.0,40.0,42.0
Ron Lee,PG,24,PHO,82,0,1849,347,786,.441,0,0,0,347,786,.441,.441,142,210,.676,99,200,299,263,156,33,0,276,836,11.0,34.0,48.0
Freddie Lewis,PG,33,IND,32,0,552,81,199,.407,0,0,0,81,199,.407,.407,62,77,.805,17,30,47,56,18,2,0,58,224,16.0,36.0,46.0
Scott Lloyd,C,24,MIL,69,0,1025,153,324,.472,0,0,0,153,324,.472,.472,95,126,.754,81,129,210,33,21,13,0,158,401,19.0,30.0,52.0
Bob Love,SF,34,TOT,59,0,1174,162,428,.379,0,0,0,162,428,.379,.379,109,132,.826,79,119,198,48,22,6,0,120,433,7.560975609756097,23.121951219512194,22.878048780487806
John Lucas,SG,23,HOU,82,0,2531,388,814,.477,0,0,0,388,814,.477,.477,135,171,.789,55,164,219,463,125,19,0,174,911,6.0,49.0,33.0
Maurice Lucas,PF,24,POR,79,0,2863,632,1357,.466,0,0,0,632,1357,.466,.466,335,438,.765,271,628,899,229,83,56,0,294,1599,1.0,49.0,33.0
Moses Malone*,C,21,TOT,82,0,2506,389,810,.480,0,0,0,389,810,.480,.480,305,440,.693,437,635,1072,89,67,181,0,275,1083,6.365853658536585,48.53658536585366,33.46341463414634
Jack Marin,SF,32,CHI,54,7,869,167,359,.465,0,0,0,167,359,.465,.465,31,39,.795,27,64,91,62,13,6,0,85,365,10.0,44.0,38.0
Scott May,SF,22,CHI,72,61,2369,431,955,.451,0,0,0,431,955,.451,.451,188,227,.828,141,296,437,145,78,17,0,185,1050,10.0,44.0,38.0
Clyde Mayes,PF,23,TOT,9,0,52,5,19,.263,0,0,0,5,19,.263,.263,3,7,.429,10,6,16,3,0,4,0,12,13,0.9634146341463414,4.597560975609756,4.402439024390244
Bob McAdoo*,C,25,TOT,72,0,2798,740,1445,.512,0,0,0,740,1445,.512,.512,381,516,.738,199,727,926,205,77,99,0,262,1861,13.365853658536587,32.6829268292683,39.3170731707317
Andre McCarter,PG,23,KCK,59,0,725,119,257,.463,0,0,0,119,257,.463,.463,32,45,.711,16,39,55,99,23,0,0,63,270,9.0,40.0,42.0
Ted McClain,SG,30,DEN,72,0,2002,245,551,.445,0,0,0,245,551,.445,.445,99,133,.744,52,177,229,324,106,13,0,255,589,2.0,50.0,32.0
Paul McCracken,SG,26,CHI,9,0,119,18,47,.383,0,0,0,18,47,.383,.383,11,18,.611,6,10,16,14,6,0,0,17,47,10.0,44.0,38.0
Glenn McDonald,SF,24,MIL,9,0,79,8,34,.235,0,0,0,8,34,.235,.235,3,4,.750,8,4,12,7,4,0,0,11,19,19.0,30.0,52.0
George McGinnis*,PF,26,PHI,79,78,2769,659,1439,.458,0,0,0,659,1439,.458,.458,372,546,.681,324,587,911,302,163,37,0,299,1690,3.0,50.0,32.0
Tom McMillen,C,24,TOT,76,0,1492,274,563,.487,0,0,0,274,563,.487,.487,96,123,.780,114,275,389,67,11,6,0,163,644,14.0,34.63414634146342,41.36585365853659
Jim McMillian,SF,28,NYK,67,60,2158,298,642,.464,0,0,0,298,642,.464,.464,67,86,.779,66,241,307,139,63,5,0,103,663,13.0,40.0,42.0
Larry McNeill,PF,26,TOT,24,0,230,47,112,.420,0,0,0,47,112,.420,.420,52,61,.852,28,47,75,6,10,2,0,32,146,0.7804878048780488,8.975609756097562,7.024390243902439
Dean Meminger,SG,28,NYK,32,0,254,15,36,.417,0,0,0,15,36,.417,.417,13,23,.565,12,14,26,29,8,1,0,17,43,13.0,40.0,42.0
John Mengelt,SG,27,CHI,61,1,1178,209,458,.456,0,0,0,209,458,.456,.456,89,113,.788,29,81,110,114,37,4,0,102,507,10.0,44.0,38.0
Joe Meriweather,C,23,ATL,74,0,2068,319,607,.526,0,0,0,319,607,.526,.526,182,255,.714,216,380,596,82,41,82,0,324,820,20.0,31.0,51.0
Dave Meyers,PF,23,MIL,50,0,1262,179,383,.467,0,0,0,179,383,.467,.467,127,192,.661,122,219,341,86,42,32,0,152,485,19.0,30.0,52.0
Steve Mix,SF,29,PHI,75,9,1958,288,551,.523,0,0,0,288,551,.523,.523,215,263,.817,127,249,376,152,90,20,0,167,791,3.0,50.0,32.0
Eric Money,PG,21,DET,73,0,1586,329,631,.521,0,0,0,329,631,.521,.521,90,114,.789,43,81,124,243,91,14,0,199,748,14.0,44.0,38.0
Earl Monroe*,SG,32,NYK,77,76,2656,613,1185,.517,0,0,0,613,1185,.517,.517,307,366,.839,45,178,223,366,91,23,0,197,1533,13.0,40.0,42.0
Allen Murphy,SG,24,LAL,2,0,18,1,5,.200,0,0,0,1,5,.200,.200,3,7,.429,3,1,4,0,0,0,0,5,5,5.0,53.0,29.0
Calvin Murphy*,PG,28,HOU,82,0,2764,596,1216,.490,0,0,0,596,1216,.490,.490,272,307,.886,54,118,172,386,144,8,0,281,1464,6.0,49.0,33.0
Swen Nater,C,27,MIL,72,0,1960,383,725,.528,0,0,0,383,725,.528,.528,172,228,.754,266,599,865,108,54,51,0,214,938,19.0,30.0,52.0
Lloyd Neal,PF,26,POR,58,0,955,160,340,.471,0,0,0,160,340,.471,.471,77,114,.675,87,168,255,58,8,35,0,148,397,1.0,49.0,33.0
Louie Nelson,SG,25,SAS,4,0,57,7,14,.500,0,0,0,7,14,.500,.500,4,7,.571,2,5,7,3,2,0,0,9,18,12.0,44.0,38.0
Johnny Neumann,SG,25,TOT,63,0,937,161,397,.406,0,0,0,161,397,.406,.406,59,87,.678,24,48,72,141,31,10,0,134,381,4.621951219512195,39.59756097560975,23.40243902439024
Mike Newlin,SG,28,HOU,82,0,2119,387,850,.455,0,0,0,387,850,.455,.455,269,304,.885,53,151,204,320,60,3,0,226,1043,6.0,49.0,33.0
Willie Norwood,SF,29,SEA,76,0,1647,216,461,.469,0,0,0,216,461,.469,.469,151,206,.733,127,165,292,99,62,6,0,191,583,15.0,40.0,42.0
Mark Olberding,PF,20,SAS,82,0,1949,301,598,.503,0,0,0,301,598,.503,.503,251,316,.794,162,287,449,119,59,29,0,277,853,12.0,44.0,38.0
Frank Oleynick,PG,21,SEA,50,0,516,81,223,.363,0,0,0,81,223,.363,.363,39,53,.736,13,32,45,60,13,4,0,48,201,15.0,40.0,42.0
Tom Owens,C,27,HOU,46,0,462,68,135,.504,0,0,0,68,135,.504,.504,52,76,.684,47,95,142,18,4,13,0,96,188,6.0,49.0,33.0
Joe Pace,C,23,WSB,30,0,119,24,55,.436,0,0,0,24,55,.436,.436,16,29,.552,16,18,34,4,2,17,0,29,64,8.0,48.0,34.0
Robert Parish*,C,23,GSW,77,0,1384,288,573,.503,0,0,0,288,573,.503,.503,121,171,.708,201,342,543,74,55,94,0,224,697,4.0,46.0,36.0
Sonny Parker,SF,21,GSW,65,0,889,154,292,.527,0,0,0,154,292,.527,.527,71,92,.772,85,88,173,59,53,26,0,77,379,4.0,46.0,36.0
Billy Paultz,C,28,SAS,82,82,2694,521,1102,.473,0,0,0,521,1102,.473,.473,238,320,.744,192,495,687,223,55,173,0,262,1280,12.0,44.0,38.0
Curtis Perry,PF,28,PHO,44,0,1391,179,414,.432,0,0,0,179,414,.432,.432,112,142,.789,149,246,395,79,49,28,0,163,470,11.0,34.0,48.0
Cliff Pondexter,PF,22,CHI,78,2,996,107,257,.416,0,0,0,107,257,.416,.416,42,65,.646,77,159,236,41,34,11,0,82,256,10.0,44.0,38.0
Howard Porter,PF,28,DET,78,0,2200,465,962,.483,0,0,0,465,962,.483,.483,103,120,.858,155,303,458,53,50,73,0,202,1033,14.0,44.0,38.0
Kevin Porter,PG,26,DET,81,0,2117,310,605,.512,0,0,0,310,605,.512,.512,97,133,.729,28,70,98,592,88,8,0,271,717,14.0,44.0,38.0
Jim Price,PG,27,TOT,81,0,1828,253,567,.446,0,0,0,253,567,.446,.446,83,103,.806,50,181,231,261,128,20,0,247,589,7.853658536585366,43.048780487804876,37.951219512195124
Ed Ratleff,SF,26,HOU,37,0,533,70,161,.435,0,0,0,70,161,.435,.435,26,42,.619,24,53,77,43,20,6,0,45,166,6.0,49.0,33.0
Clifford Ray,C,28,GSW,77,0,2018,263,450,.584,0,0,0,263,450,.584,.584,105,199,.528,199,416,615,112,74,81,0,242,631,4.0,46.0,36.0
Kevin Restani,PF,25,MIL,64,0,1116,173,334,.518,0,0,0,173,334,.518,.518,12,24,.500,81,181,262,88,33,11,0,102,358,19.0,30.0,52.0
Mike Riordan,SF,31,WSB,49,0,289,34,94,.362,0,0,0,34,94,.362,.362,11,15,.733,7,20,27,20,3,2,0,33,79,8.0,48.0,34.0
Marv Roberts,SF,27,LAL,28,0,209,27,76,.355,0,0,0,27,76,.355,.355,4,6,.667,9,16,25,19,4,2,0,34,58,5.0,53.0,29.0
Truck Robinson,PF,25,TOT,77,0,2777,574,1200,.478,0,0,0,574,1200,.478,.478,314,430,.730,252,576,828,142,66,38,0,253,1462,12.78048780487805,37.609756097560975,39.390243902439025
Bill Robinzine,PF,24,KCK,75,0,1594,307,677,.453,0,0,0,307,677,.453,.453,159,216,.736,164,310,474,95,86,13,0,283,773,9.0,40.0,42.0
Dave Robisch,C,27,IND,80,0,1966,369,811,.455,0,0,0,369,811,.455,.455,213,256,.832,171,383,554,158,55,37,0,169,951,16.0,36.0,46.0
Marshall Rogers,PG,23,GSW,26,0,176,43,116,.371,0,0,0,43,116,.371,.371,14,15,.933,6,5,11,10,8,3,0,33,100,4.0,46.0,36.0
Dan Roundfield,PF,23,IND,61,0,1645,342,734,.466,0,0,0,342,734,.466,.466,164,239,.686,179,339,518,69,61,131,0,243,848,16.0,36.0,46.0
Curtis Rowe,PF,27,BOS,79,0,2190,315,632,.498,0,0,0,315,632,.498,.498,170,240,.708,188,375,563,107,24,47,0,215,800,17.0,44.0,38.0
Campy Russell,SF,25,CLE,70,0,2109,435,1003,.434,0,0,0,435,1003,.434,.434,288,370,.778,144,275,419,189,70,24,0,196,1158,7.0,43.0,39.0
Cazzie Russell,SF,32,LAL,82,82,2583,578,1179,.490,0,0,0,578,1179,.490,.490,188,219,.858,86,208,294,210,86,7,0,163,1344,5.0,53.0,29.0
Fred Saunders,SF,25,BOS,68,0,1051,184,395,.466,0,0,0,184,395,.466,.466,35,53,.660,73,150,223,85,26,7,0,191,403,17.0,44.0,38.0
Dale Schlueter,C,31,PHO,39,0,337,26,72,.361,0,0,0,26,72,.361,.361,18,31,.581,30,50,80,38,8,8,0,62,70,11.0,34.0,48.0
Charlie Scott*,SG,28,BOS,43,0,1581,326,734,.444,0,0,0,326,734,.444,.444,129,173,.746,52,139,191,196,60,12,0,155,781,17.0,44.0,38.0
Bruce Seals,PF,23,SEA,81,0,1977,378,851,.444,0,0,0,378,851,.444,.444,138,195,.708,118,236,354,93,49,58,0,262,894,15.0,40.0,42.0
Phil Sellers,SG,23,DET,44,0,329,73,190,.384,0,0,0,73,190,.384,.384,52,72,.722,19,22,41,25,22,0,0,56,198,14.0,44.0,38.0
Lonnie Shelton,PF,21,NYK,82,57,2104,398,836,.476,0,0,0,398,836,.476,.476,159,225,.707,220,413,633,149,125,98,0,363,955,13.0,40.0,42.0
John Shumate,PF,24,BUF,74,0,2601,407,810,.502,0,0,0,407,810,.502,.502,302,450,.671,163,538,701,159,90,84,0,197,1116,21.0,30.0,52.0
James Silas,PG,27,SAS,22,0,356,61,142,.430,0,0,0,61,142,.430,.430,87,107,.813,7,25,32,50,13,3,0,36,209,12.0,44.0,38.0
Paul Silas,PF,33,DEN,81,0,1959,206,572,.360,0,0,0,206,572,.360,.360,170,255,.667,236,370,606,132,58,23,0,183,582,2.0,50.0,32.0
Ralph Simpson,SG,27,DET,77,0,1597,356,834,.427,0,0,0,356,834,.427,.427,138,195,.708,48,133,181,180,68,5,0,100,850,14.0,44.0,38.0
Bingo Smith,SF,30,CLE,81,0,2135,513,1149,.446,0,0,0,513,1149,.446,.446,148,181,.818,92,225,317,152,61,30,0,211,1174,7.0,43.0,39.0
Elmore Smith,C,27,TOT,70,0,1464,241,507,.475,0,0,0,241,507,.475,.475,117,213,.549,114,325,439,43,35,144,0,207,599,10.951219512195122,31.317073170731707,38.68292682926829
Phil Smith,SG,24,GSW,82,82,2880,631,1318,.479,0,0,0,631,1318,.479,.479,295,376,.785,101,231,332,328,98,29,0,227,1557,4.0,46.0,36.0
Randy Smith,SG,28,BUF,82,0,3094,702,1504,.467,0,0,0,702,1504,.467,.467,294,386,.762,134,323,457,441,176,8,0,264,1698,21.0,30.0,52.0
Willie Smith,PG,23,CHI,2,0,11,0,1,.000,0,0,0,0,1,.000,.000,0,0,0,0,0,0,0,0,0,0,1,0,10.0,44.0,38.0
Dick Snyder,SG,32,CLE,82,0,1685,316,693,.456,0,0,0,316,693,.456,.456,127,149,.852,47,102,149,160,45,30,0,177,759,7.0,43.0,39.0
Ricky Sobers,SG,24,PHO,79,0,2005,414,834,.496,0,0,0,414,834,.496,.496,243,289,.841,82,152,234,238,93,14,0,258,1071,11.0,34.0,48.0
Mike Sojourner,PF,23,ATL,51,0,551,95,203,.468,0,0,0,95,203,.468,.468,41,57,.719,49,97,146,21,15,9,0,66,231,20.0,31.0,51.0
Kevin Stacom,SG,25,BOS,79,0,1051,179,438,.409,0,0,0,179,438,.409,.409,46,58,.793,40,57,97,117,19,3,0,65,404,17.0,44.0,38.0
Keith Starr,SG,22,CHI,17,0,65,6,24,.250,0,0,0,6,24,.250,.250,2,2,1.000,6,4,10,6,1,0,0,11,14,10.0,44.0,38.0
Larry Steele,SG,27,POR,81,0,1680,326,652,.500,0,0,0,326,652,.500,.500,183,227,.806,71,117,188,172,118,13,0,216,835,1.0,49.0,33.0
Earl Tatum,SG,23,LAL,68,0,1249,283,607,.466,0,0,0,283,607,.466,.466,72,100,.720,83,153,236,118,85,22,0,168,638,5.0,53.0,29.0
Brian Taylor,PG,25,KCK,72,0,2488,501,995,.504,0,0,0,501,995,.504,.504,225,275,.818,88,150,238,320,199,16,0,206,1227,9.0,40.0,42.0
Fatty Taylor,PG,30,DEN,79,0,1548,132,314,.420,0,0,0,132,314,.420,.420,37,65,.569,90,121,211,288,132,9,0,202,301,2.0,50.0,32.0
Ira Terrell,SF,22,PHO,78,0,1751,277,545,.508,0,0,0,277,545,.508,.508,111,176,.631,99,288,387,103,41,47,0,165,665,11.0,34.0,48.0
Claude Terry,SG,27,TOT,45,0,545,96,191,.503,0,0,0,96,191,.503,.503,36,44,.818,12,34,46,58,20,1,0,48,228,11.378048780487806,16.609756097560975,28.390243902439025
David Thompson*,SG,22,DEN,82,82,3001,824,1626,.507,0,0,0,824,1626,.507,.507,477,623,.766,138,196,334,337,114,53,0,236,2125,2.0,50.0,32.0
Nate Thurmond*,C,35,CLE,49,0,997,100,246,.407,0,0,0,100,246,.407,.407,68,106,.642,121,253,374,83,16,81,0,128,268,7.0,43.0,39.0
Dean Tolson,PF,25,SEA,60,0,587,137,242,.566,0,0,0,137,242,.566,.566,85,159,.535,73,84,157,27,32,21,0,83,359,15.0,40.0,42.0
Rudy Tomjanovich*,PF,28,HOU,81,0,3130,733,1437,.510,0,0,0,733,1437,.510,.510,287,342,.839,172,512,684,172,57,27,0,198,1753,6.0,49.0,33.0
Monte Towe,PG,23,DEN,51,0,409,56,138,.406,0,0,0,56,138,.406,.406,18,25,.720,8,26,34,87,16,0,0,61,130,2.0,50.0,32.0
George Trapp,PF,28,DET,6,0,68,15,29,.517,0,0,0,15,29,.517,.517,3,4,.750,4,6,10,3,0,1,0,13,33,14.0,44.0,38.0
Dave Twardzik,PG,26,POR,74,0,1937,263,430,.612,0,0,0,263,430,.612,.612,239,284,.842,75,127,202,247,128,15,0,228,765,1.0,49.0,33.0
Wes Unseld*,C,30,WSB,82,82,2860,270,551,.490,0,0,0,270,551,.490,.490,100,166,.602,243,634,877,363,87,45,0,253,640,8.0,48.0,34.0
Dick Van Arsdale,SG,33,PHO,78,0,1535,227,498,.456,0,0,0,227,498,.456,.456,145,166,.873,31,86,117,120,35,5,0,94,599,11.0,34.0,48.0
Tom Van Arsdale,SF,33,PHO,77,0,1425,171,395,.433,0,0,0,171,395,.433,.433,102,145,.703,47,137,184,67,20,3,0,163,444,11.0,34.0,48.0
Norm Van Lier,PG,29,CHI,82,81,3097,300,729,.412,0,0,0,300,729,.412,.412,238,306,.778,108,262,370,636,129,16,0,268,838,10.0,44.0,38.0
Neal Walk,C,28,NYK,11,1,135,28,57,.491,0,0,0,28,57,.491,.491,6,7,.857,5,22,27,6,4,3,0,22,62,13.0,40.0,42.0
Foots Walker,PG,25,CLE,62,0,1216,157,349,.450,0,0,0,157,349,.450,.450,89,115,.774,55,105,160,254,83,4,0,124,403,7.0,43.0,39.0
Wally Walker,SF,22,POR,66,0,627,137,305,.449,0,0,0,137,305,.449,.449,67,100,.670,45,63,108,51,14,2,0,92,341,1.0,49.0,33.0
Bill Walton*,C,24,POR,65,0,2264,491,930,.528,0,0,0,491,930,.528,.528,228,327,.697,211,723,934,245,66,211,0,174,1210,1.0,49.0,33.0
Lloyd Walton,PG,23,MIL,53,0,678,88,188,.468,0,0,0,88,188,.468,.468,53,65,.815,15,36,51,141,40,2,0,52,229,19.0,30.0,52.0
Henry Ward,SG,25,SAS,27,0,171,34,90,.378,0,0,0,34,90,.378,.378,15,17,.882,10,23,33,6,6,5,0,30,83,12.0,44.0,38.0
Cornell Warner,PF,28,LAL,14,0,170,25,53,.472,0,0,0,25,53,.472,.472,4,6,.667,21,48,69,11,1,2,0,28,54,5.0,53.0,29.0
Kermit Washington,PF,25,LAL,53,0,1342,191,380,.503,0,0,0,191,380,.503,.503,132,187,.706,182,310,492,48,43,52,0,183,514,5.0,53.0,29.0
Richard Washington,PF,21,KCK,82,0,2265,446,1034,.431,0,0,0,446,1034,.431,.431,177,254,.697,201,497,698,85,63,90,0,324,1069,9.0,40.0,42.0
Slick Watts,PG,25,SEA,79,0,2627,428,1015,.422,0,0,0,428,1015,.422,.422,172,293,.587,81,226,307,630,214,25,0,256,1028,15.0,40.0,42.0
Nick Weatherspoon,SF,26,TOT,62,0,1657,310,690,.449,0,0,0,310,690,.449,.449,91,144,.632,120,308,428,53,52,28,0,168,711,10.402439024390244,31.31707317073171,30.682926829268293
Marvin Webster,C,24,DEN,80,0,1276,198,400,.495,0,0,0,198,400,.495,.495,143,220,.650,152,332,484,62,23,118,0,149,539,2.0,50.0,32.0
Scott Wedman,SF,24,KCK,81,0,2743,521,1133,.460,0,0,0,521,1133,.460,.460,206,241,.855,187,319,506,227,100,23,0,226,1248,9.0,40.0,42.0
Bob Weiss,PG,34,WSB,62,0,768,62,133,.466,0,0,0,62,133,.466,.466,29,37,.784,15,54,69,130,53,7,0,66,153,8.0,48.0,34.0
Paul Westphal*,PG,26,PHO,81,0,2600,682,1317,.518,0,0,0,682,1317,.518,.518,362,439,.825,57,133,190,459,134,21,0,171,1726,11.0,34.0,48.0
Jo Jo White*,PG,30,BOS,82,82,3333,638,1488,.429,0,0,0,638,1488,.429,.429,333,383,.869,87,296,383,492,118,22,0,193,1609,17.0,44.0,38.0
Rudy White,SG,23,HOU,46,0,368,47,106,.443,0,0,0,47,106,.443,.443,15,25,.600,13,28,41,35,11,1,0,39,109,6.0,49.0,33.0
Sidney Wicks,PF,27,BOS,82,0,2642,464,1012,.458,0,0,0,464,1012,.458,.458,310,464,.668,268,556,824,169,64,61,0,331,1238,17.0,44.0,38.0
Bob Wilkerson,SF,22,SEA,78,0,1552,221,573,.386,0,0,0,221,573,.386,.386,84,122,.689,96,162,258,171,72,8,0,136,526,15.0,40.0,42.0
Jamaal Wilkes*,PF,23,GSW,76,0,2579,548,1147,.478,0,0,0,548,1147,.478,.478,247,310,.797,155,423,578,211,127,16,0,222,1343,4.0,46.0,36.0
Chuck Williams,PG,30,TOT,65,0,867,78,210,.371,0,0,0,78,210,.371,.371,68,87,.782,26,75,101,132,32,3,0,60,224,11.78048780487805,28.902439024390244,36.09756097560976
Chuckie Williams,SG,23,CLE,22,0,65,14,47,.298,0,0,0,14,47,.298,.298,9,12,.750,3,1,4,7,1,0,0,7,37,7.0,43.0,39.0
Gus Williams,PG,23,GSW,82,0,1930,325,701,.464,0,0,0,325,701,.464,.464,112,150,.747,72,161,233,292,121,19,0,218,762,4.0,46.0,36.0
John Williamson,SG,25,TOT,72,0,2481,618,1347,.459,0,0,0,618,1347,.459,.459,259,329,.787,42,151,193,201,107,13,0,246,1495,5.853658536585366,13.170731707317072,16.829268292682926
Bill Willoughby,SF,19,ATL,39,0,549,75,169,.444,0,0,0,75,169,.444,.444,43,63,.683,65,105,170,13,19,23,0,64,193,20.0,31.0,51.0
Bobby Wilson,SG,26,BOS,25,0,131,19,59,.322,0,0,0,19,59,.322,.322,11,13,.846,3,6,9,14,3,0,0,19,49,17.0,44.0,38.0
Brian Winters,SG,24,MIL,78,0,2717,652,1308,.498,0,0,0,652,1308,.498,.498,205,242,.847,64,167,231,337,114,29,0,228,1509,19.0,30.0,52.0
Willie Wise,SF,29,DEN,75,0,1403,237,513,.462,0,0,0,237,513,.462,.462,142,218,.651,76,177,253,142,60,18,0,180,616,2.0,50.0,32.0
Dave Wohl,PG,27,TOT,51,0,986,116,290,.400,0,0,0,116,290,.400,.400,61,89,.685,16,65,81,142,39,6,0,115,293,1.024390243902439,8.365853658536587,5.634146341463415
Larry Wright,PG,22,WSB,78,0,1421,262,595,.440,0,0,0,262,595,.440,.440,88,115,.765,32,66,98,232,55,5,0,170,612,8.0,48.0,34.0
